{"depths": ["depth8", "depth13", "depth14", "full"], "gs": 5.054655716084929, "rhoinf": [0.42352294633187443, 1.2809302747889304, 1.4860247725013973, 1.9278507692317808], "leff": [0.2731684361013106, 0.5218628800971001, 0.5890668558717147, 0.7597208891548346], "deff": [11.386911644762339, 10.54725957339546, 10.453980113395222, 10.261352030188503]}