{"θin":[0.025,0.075,0.125,0.175,0.225,0.275,0.325,0.375,0.425,0.475,0.525,0.575,0.625,0.675,0.725,0.775,0.825,0.875,0.925,0.975],"gon":[2.8470458926637487,4.561860549577861,4.972049545002795,5.855701538463562],"ΔV":[0.005,0.005,0.0001,0.01],"Δθ":[[0.0,0.0,0.0,0.0],[0.00010815487778439786,0.0005356760231412045,-0.00015383432043604995,0.0],[0.00032446463335417727,0.004713949003643183,0.025228828551650706,-0.0005918910920385272],[0.0006489292667093381,0.00964216841654168,0.05161141450657669,-0.0005918910920385272],[0.0011897036556342785,0.013284765373902455,0.05361126067225652,-0.0005918910920385272],[0.0018386329223446002,0.015856010284979846,0.04268902392123819,-0.0005918910920385272],[0.0023794073112695406,0.017463038354403458,0.02922852088300899,0.0011837821840784],[0.0030283365779788787,0.018105849582173292,0.018152449811553232,0.004143237644273727],[0.0034609560891194213,0.017998714377544665,0.01061456811014621,0.007694584196508927],[0.0036772658446892004,0.017141632740518543,0.005845704176602078,0.011245930748742783],[0.003785420722474582,0.015641739875723558,0.0032305207291752377,0.012429712932821182],[0.0036772658446892004,0.013606170987786397,0.0016921775248063434,0.012429712932821182],[0.0034609560891194213,0.011356331690593923,0.0009230059226218962,0.010654039656704254],[0.0030283365779788787,0.008892221984144189,0.0004615029613109481,0.008286475288547455],[0.0023794073112695406,0.0065352474823230835,0.00030766864087489816,0.005918910920390655],[0.0018386329223446002,0.004285408185129636,0.00015383432043744908,0.004143237644273727],[0.0011897036556342785,0.002571244911078366,0.00015383432043744908,0.0029594554601953273],[0.0006489292667093381,0.0011784872509110395,0.0,0.001775673276118273],[0.00021630975556977938,0.00042854081851354816,0.0,0.0011837821840784],[0.0,0.00010713520462863063,0.0,0.0005918910920398729]]}