{"Ion": [1.7031250000000003e-10, 3.3619689941406256e-10, 3.8028564453125006e-10, 4.810363769531249e-10], "ron": [1.0000100000999999, 1.0000100001000014, 1.7000170001700023, 5.850058500585008]}