{"delta_v": [0.05, 0.025, 0.0003, 0.15], "Iin": [1.7031250000000003e-10, 3.3619689941406256e-10, 3.8028564453124996e-10, 4.810409545898439e-10], "theta_in": [0.025, 0.049358974358974364, 0.07371794871794872, 0.09807692307692309, 0.12243589743589745, 0.1467948717948718, 0.17115384615384616, 0.1955128205128205, 0.21987179487179487, 0.24423076923076922, 0.2685897435897436, 0.29294871794871796, 0.31730769230769235, 0.3416666666666667, 0.36602564102564106, 0.3903846153846154, 0.41474358974358977, 0.43910256410256415, 0.4634615384615385, 0.48782051282051286, 0.5121794871794871, 0.5365384615384615, 0.5608974358974359, 0.5852564102564103, 0.6096153846153847, 0.633974358974359, 0.6583333333333333, 0.6826923076923077, 0.7070512820512821, 0.7314102564102565, 0.7557692307692307, 0.7801282051282051, 0.8044871794871795, 0.8288461538461539, 0.8532051282051283, 0.8775641025641026, 0.9019230769230769, 0.9262820512820513, 0.9506410256410257, 0.975], "PRC": [[0.0, 9.819324430479184e-05, 0.0002945797329143755, 0.0007855459544383347, 0.0014728986645718774, 0.002356637863315004, 0.003436763550667714, 0.004615082482325216, 0.005989787902592302, 0.0075608798114689705, 0.009033778476040848, 0.010604870384917517, 0.012175962293794187, 0.013648860958366064, 0.014925373134328358, 0.016201885310290653, 0.01728201099764336, 0.018067556952081697, 0.01875490966221524, 0.019147682639434407, 0.0192458758837392, 0.019147682639434407, 0.018853102906520033, 0.01836213668499607, 0.01757659073055774, 0.01659465828750982, 0.015514532600157109, 0.014238020424194815, 0.01286331500392773, 0.011390416339355853, 0.009917517674783974, 0.008444619010212097, 0.00697172034564022, 0.005597014925373134, 0.004222309505106049, 0.003043990573448547, 0.0019638648860958365, 0.001178318931657502, 0.0004909662215239591, 9.819324430479184e-05], [0.0, 0.0, 0.0015433686593270912, 0.006379257125218644, 0.013170079226257845, 0.020166683815207326, 0.026237267208560566, 0.03127893816236238, 0.035291696676612805, 0.038584216483177336, 0.04115649758205575, 0.0431114312172034, 0.04444901738862028, 0.04537503858421643, 0.045683712316081926, 0.0455808210721268, 0.04496347360839592, 0.04403745241279966, 0.04259697499742776, 0.04084782385019037, 0.03889289021504272, 0.03662928284802969, 0.03415989299310629, 0.031484720650272635, 0.028706657063483854, 0.025825702232739944, 0.02304763864595123, 0.020166683815207326, 0.017388620228418562, 0.014713447885584936, 0.012141166786706452, 0.009774668175738245, 0.007613952052680317, 0.005659018417532668, 0.004012758514250437, 0.0026751723428336247, 0.0015433686593270912, 0.0008231299516411153, 0.00030867373186541823, 0.0], [-0.0003370029206919793, -0.0006740058413839586, -0.0008425073017299483, 0.0026960233655358343, 0.013480116827679172, 0.027971242417434282, 0.03942934172096158, 0.046281734441698585, 0.04830375196585046, 0.04645023590204456, 0.042406200853740805, 0.037238822736463714, 0.03134127162435408, 0.025780723432936418, 0.020894181082902717, 0.016344641653560997, 0.012637609525949224, 0.0097730847000674, 0.007245562794877555, 0.005392046731071669, 0.004381037968995731, 0.003033026286227814, 0.002022017524151876, 0.0016850146034598965, 0.0011795102224219276, 0.0006740058413839586, 0.000505504381037969, 0.00016850146034598965, 0.00016850146034598965, 0.00016850146034598965, 0.0, 0.0, 0.0, -0.00016850146034598965, -0.00016850146034598965, 0.0, -0.0003370029206919793, -0.00016850146034598965, 0.0, -0.0003370029206919793], [0.0, -0.001779007709033406, -0.001779007709033406, -0.001779007709033406, -0.00296501284838901, -0.00296501284838901, -0.004151017987744613, -0.006523028266455822, -0.006523028266455822, -0.007116030836133624, -0.00593002569677802, -0.0011860051393556038, 0.00593002569677802, 0.01482506424194505, 0.026092113065823288, 0.03735916188970152, 0.04684720300454635, 0.056335244119391184, 0.06345127495552481, 0.06760229294326943, 0.07116030836133623, 0.07175331093101404, 0.06997430322198063, 0.06819529551294723, 0.06404427752520261, 0.05870725439810239, 0.053963233840679976, 0.04803320814390196, 0.04151017987744614, 0.03617315675034592, 0.030836133623245703, 0.024906107926467684, 0.02075508993872307, 0.017197074520656257, 0.013046056532911644, 0.010674046254200435, 0.008302035975489227, 0.00593002569677802, 0.004744020557422415, 0.003558015418066812]]}