{"delta_v": [0.05, 0.025, 0.0003, 0.1], "Iin": [1.7031250000000003e-10, 3.3619689941406256e-10, 3.8028564453125006e-10, 4.810363769531249e-10], "theta_in": [0.025, 0.049358974358974364, 0.07371794871794872, 0.09807692307692309, 0.12243589743589745, 0.1467948717948718, 0.17115384615384616, 0.1955128205128205, 0.21987179487179487, 0.24423076923076922, 0.2685897435897436, 0.29294871794871796, 0.31730769230769235, 0.3416666666666667, 0.36602564102564106, 0.3903846153846154, 0.41474358974358977, 0.43910256410256415, 0.4634615384615385, 0.48782051282051286, 0.5121794871794871, 0.5365384615384615, 0.5608974358974359, 0.5852564102564103, 0.6096153846153847, 0.633974358974359, 0.6583333333333333, 0.6826923076923077, 0.7070512820512821, 0.7314102564102565, 0.7557692307692307, 0.7801282051282051, 0.8044871794871795, 0.8288461538461539, 0.8532051282051283, 0.8775641025641026, 0.9019230769230769, 0.9262820512820513, 0.9506410256410257, 0.975], "PRC": [[0.0, 9.819324430479184e-05, 0.0002945797329143755, 0.0007855459544383347, 0.0014728986645718774, 0.002356637863315004, 0.003436763550667714, 0.004615082482325216, 0.005989787902592302, 0.0075608798114689705, 0.009033778476040848, 0.010604870384917517, 0.012175962293794187, 0.013648860958366064, 0.014925373134328358, 0.016201885310290653, 0.01728201099764336, 0.018067556952081697, 0.01875490966221524, 0.019147682639434407, 0.0192458758837392, 0.019147682639434407, 0.018853102906520033, 0.01836213668499607, 0.01757659073055774, 0.01659465828750982, 0.015514532600157109, 0.014238020424194815, 0.01286331500392773, 0.011390416339355853, 0.009917517674783974, 0.008444619010212097, 0.00697172034564022, 0.005597014925373134, 0.004222309505106049, 0.003043990573448547, 0.0019638648860958365, 0.001178318931657502, 0.0004909662215239591, 9.819324430479184e-05], [0.0, 0.0, 0.0015433686593270912, 0.006379257125218644, 0.013170079226257845, 0.020166683815207326, 0.026237267208560566, 0.03127893816236238, 0.035291696676612805, 0.038584216483177336, 0.04115649758205575, 0.0431114312172034, 0.04444901738862028, 0.04537503858421643, 0.045683712316081926, 0.0455808210721268, 0.04496347360839592, 0.04403745241279966, 0.04259697499742776, 0.04084782385019037, 0.03889289021504272, 0.03662928284802969, 0.03415989299310629, 0.031484720650272635, 0.028706657063483854, 0.025825702232739944, 0.02304763864595123, 0.020166683815207326, 0.017388620228418562, 0.014713447885584936, 0.012141166786706452, 0.009774668175738245, 0.007613952052680317, 0.005659018417532668, 0.004012758514250437, 0.0026751723428336247, 0.0015433686593270912, 0.0008231299516411153, 0.00030867373186541823, 0.0], [0.0, -0.0006740437004999158, -0.0008425546256248947, 0.0028646857271246422, 0.013480874009998315, 0.028141324495871485, 0.039768578329495034, 0.04639667471774411, 0.04825029489411892, 0.04673369656799409, 0.04246475313149469, 0.037409425377745324, 0.03168005392349604, 0.02595068246924676, 0.02089535471549739, 0.016682581587372916, 0.01263831938437342, 0.009942144582373759, 0.007582991630624053, 0.005560860529124305, 0.004212773128124473, 0.0032017075773745998, 0.0021906420266247263, 0.0018536201763747684, 0.0013480874009998316, 0.0008425546256248947, 0.0006740437004999158, 0.0003370218502499579, 0.00016851092512497895, 0.0003370218502499579, 0.00016851092512497895, -0.00016851092512497895, 0.00016851092512497895, 0.0, -0.0003370218502499579, 0.0, 0.0, -0.0003370218502499579, 0.0, 0.0], [0.0005857087075361188, -0.0011714174150722375, -0.0011714174150722375, -0.001757126122608356, -0.0029285435376805937, -0.0029285435376805937, -0.00468566966028895, -0.006442795782897306, -0.007028504490433424, -0.007028504490433424, -0.005857087075361187, -0.0005857087075361188, 0.006442795782897306, 0.015228426395939087, 0.026942600546661463, 0.03807106598984772, 0.04802811401796173, 0.05681374463100352, 0.06384224912143695, 0.06794221007418977, 0.07087075361187037, 0.07145646231940649, 0.07028504490433425, 0.06794221007418977, 0.06442795782897306, 0.05857087075361187, 0.053885201093322926, 0.04802811401796173, 0.04158531823506443, 0.03631393986723936, 0.03104256149941429, 0.025185474424053104, 0.021085513471300273, 0.017571261226083563, 0.013471300273330732, 0.011128465443186256, 0.008785630613041781, 0.006442795782897306, 0.005271378367825068, 0.003514252245216712]]}